{
  "config": {
    "center_hit": true,
    "iou_thresh": 0.1,
    "total_gt_count": 1492,
    "total_image_count": 1001
  },
  "methods": {
    "original": {
      "ap": 0.4947048946401624,
      "best_f1_score": 0.5185909930466295,
      "best_precision": 0.5050825921219823,
      "best_recall": 0.532171581769437,
      "best_score_threshold": 0.11796882003545761,
      "total_tp": 1433,
      "total_fp": 131906,
      "total_fn": 59
    },
    "fine-tuning": {
      "ap": 0.9335815139359428,
      "best_f1_score": 0.8807641583743259,
      "best_precision": 0.8659326424870466,
      "best_recall": 0.8954423592493298,
      "best_score_threshold": 0.30393195152282715,
      "total_tp": 1489,
      "total_fp": 326784,
      "total_fn": 3
    }
  }
}