{
  "config": {
    "center_hit": true,
    "iou_thresh": 0.1,
    "total_gt_count": 1863,
    "total_image_count": 1327
  },
  "methods": {
    "original": {
      "ap": 0.3778327219191483,
      "best_f1_score": 0.41700513986906973,
      "best_precision": 0.4207650273224044,
      "best_recall": 0.4127750939345142,
      "best_score_threshold": 0.12821801006793976,
      "total_tp": 1823,
      "total_fp": 191602,
      "total_fn": 40
    },
    "fine-tuning": {
      "ap": 0.9662412595955336,
      "best_f1_score": 0.9164847111586368,
      "best_precision": 0.9322598556357579,
      "best_recall": 0.9006977992485239,
      "best_score_threshold": 0.32818710803985596,
      "total_tp": 1861,
      "total_fp": 423458,
      "total_fn": 2
    }
  }
}